city,district_id,year,median_home_value,median_gross_rent,median_household_income,poverty_rate,housing_cost_burden_rate,homeownership_rate,broadband_rate,unemployment_rate_pc,gini_index,vacancy_rate,bachelors_rate,median_age,avg_commute_min,transit_commute_rate,walk_commute_rate,bike_commute_rate,wfh_rate,diversity_index
mpls,101,2017,401814.0,1122.0,78458.0,7.0,30.0,41.0,92.0,25.0,0.479,7.3,69.6,36.0,23.1,12.1,3.4,3.6,7.0,0.24
mpls,101,2018,417771.0,1173.0,81780.0,6.0,31.0,42.0,93.0,22.0,0.482,6.7,70.6,35.9,23.1,12.8,3.5,4.3,6.9,0.241
mpls,101,2019,431994.0,1185.0,82898.0,6.0,32.0,41.0,94.0,21.0,0.478,6.5,72.5,36.5,23.4,12.8,4.0,4.5,7.0,0.263
mpls,101,2020,422150.0,1240.0,85225.0,6.0,32.0,39.0,95.0,20.0,0.462,4.8,72.6,34.8,23.2,11.0,4.3,3.7,13.3,0.312
mpls,101,2021,445643.0,1311.0,87564.0,6.0,34.0,40.0,96.0,24.0,0.46,4.7,73.3,34.9,23.0,9.4,4.0,3.1,20.1,0.305
mpls,101,2022,513955.0,1428.0,92919.0,8.0,35.0,40.0,97.0,25.0,0.468,4.2,72.6,35.2,22.8,7.7,3.4,3.1,24.8,0.344
mpls,101,2023,547164.0,1447.0,93370.0,8.0,38.0,39.0,97.0,25.0,0.463,5.0,72.8,35.9,22.5,6.0,3.3,2.9,29.9,0.371
mpls,101,2024,570383.0,1494.0,95790.0,8.0,39.0,39.0,97.0,26.0,0.476,6.4,71.3,36.1,22.5,4.5,2.7,2.8,32.0,0.391
mpls,102,2017,124402.0,1026.0,45939.0,25.0,60.0,61.0,76.0,47.0,0.42,6.5,21.9,33.4,26.1,12.7,1.3,0.2,3.9,0.663
mpls,102,2018,132707.0,1107.0,48346.0,23.0,59.0,62.0,79.0,45.0,0.429,7.0,21.4,33.8,26.2,14.8,1.1,0.3,3.7,0.663
mpls,102,2019,144057.0,1142.0,50406.0,22.0,57.0,63.0,82.0,42.0,0.423,5.6,22.8,34.4,26.2,16.0,0.9,0.5,4.3,0.661
mpls,102,2020,165169.0,1223.0,53744.0,19.0,56.0,70.0,86.0,41.0,0.438,5.6,26.5,34.2,26.5,14.2,0.9,0.5,6.4,0.677
mpls,102,2021,173383.0,1208.0,60778.0,15.0,56.0,74.0,88.0,43.0,0.411,5.5,26.8,34.2,26.1,10.7,0.9,0.5,10.4,0.692
mpls,102,2022,211284.0,1374.0,70078.0,14.0,51.0,74.0,90.0,41.0,0.407,5.5,28.8,34.4,25.4,9.8,1.2,0.6,12.1,0.712
mpls,102,2023,224488.0,1371.0,76756.0,13.0,52.0,74.0,90.0,38.0,0.401,5.4,29.2,34.5,25.2,7.9,0.7,0.3,14.9,0.711
mpls,102,2024,234549.0,1436.0,74539.0,16.0,55.0,76.0,92.0,42.0,0.404,6.2,31.9,35.0,25.0,7.6,0.4,0.2,17.1,0.716
mpls,103,2017,224676.0,874.0,37554.0,30.0,44.0,16.0,83.0,49.0,0.537,8.8,52.0,35.1,21.4,16.0,26.0,4.3,5.3,0.521
mpls,103,2018,227980.0,910.0,39167.0,28.0,45.0,16.0,84.0,40.0,0.527,10.1,50.0,34.8,22.3,16.6,26.8,3.9,5.2,0.534
mpls,103,2019,287411.0,953.0,42211.0,26.0,46.0,16.0,86.0,35.0,0.514,8.8,49.7,36.1,22.5,14.9,27.2,4.0,6.4,0.531
mpls,103,2020,327425.0,1317.0,67514.0,19.0,40.0,23.0,90.0,31.0,0.49,8.8,59.9,35.4,21.5,11.6,25.1,3.1,13.2,0.512
mpls,103,2021,332093.0,1391.0,71939.0,17.0,42.0,24.0,91.0,28.0,0.502,9.7,59.7,35.2,22.0,10.5,23.1,2.7,19.3,0.523
mpls,103,2022,354048.0,1510.0,80219.0,17.0,43.0,24.0,92.0,31.0,0.493,11.1,59.3,35.0,21.9,9.5,22.1,2.3,22.3,0.529
mpls,103,2023,369188.0,1505.0,82945.0,16.0,42.0,24.0,93.0,33.0,0.485,10.6,60.8,35.0,21.9,8.3,19.5,1.9,26.1,0.54
mpls,103,2024,380721.0,1529.0,84060.0,16.0,44.0,24.0,94.0,34.0,0.49,11.5,60.4,35.0,20.9,7.3,18.8,1.5,28.3,0.545
mpls,104,2017,208882.0,931.0,59023.0,16.0,44.0,60.0,86.0,31.0,0.443,5.3,50.1,38.2,21.9,11.7,3.4,7.6,5.8,0.401
mpls,104,2018,222380.0,980.0,59350.0,18.0,45.0,59.0,88.0,33.0,0.448,5.0,51.1,38.2,22.3,12.5,3.4,6.7,5.9,0.428
mpls,104,2019,239016.0,1003.0,63008.0,17.0,43.0,58.0,90.0,28.0,0.446,4.7,50.8,38.6,22.3,12.1,3.7,7.2,5.6,0.451
mpls,104,2020,254791.0,1040.0,70673.0,14.0,43.0,59.0,92.0,29.0,0.419,4.5,51.6,39.9,22.1,9.9,3.5,6.1,9.2,0.471
mpls,104,2021,274355.0,1100.0,74132.0,14.0,41.0,58.0,93.0,29.0,0.421,3.8,50.7,40.1,22.3,9.3,3.4,6.1,14.1,0.48
mpls,104,2022,309786.0,1197.0,81980.0,12.0,40.0,59.0,93.0,32.0,0.429,4.7,52.3,40.4,22.2,9.4,3.6,4.8,19.3,0.477
mpls,104,2023,336523.0,1283.0,86495.0,11.0,38.0,58.0,94.0,31.0,0.422,5.1,51.8,39.8,21.7,8.0,3.4,4.0,23.8,0.487
mpls,104,2024,355303.0,1271.0,88971.0,14.0,41.0,58.0,95.0,35.0,0.425,5.6,52.7,39.7,21.0,6.8,2.8,3.1,27.1,0.484
mpls,105,2017,152206.0,933.0,38094.0,30.0,58.0,42.0,74.0,61.0,0.461,8.3,20.4,26.9,25.3,18.1,2.3,2.4,3.6,0.667
mpls,105,2018,157283.0,978.0,41927.0,29.0,58.0,44.0,77.0,54.0,0.46,8.1,21.7,26.9,26.7,17.0,2.3,1.9,3.2,0.68
mpls,105,2019,169393.0,978.0,43155.0,31.0,59.0,44.0,78.0,46.0,0.457,9.4,21.3,27.5,26.6,14.8,2.4,2.1,4.0,0.656
mpls,105,2020,176373.0,965.0,45065.0,30.0,61.0,47.0,81.0,43.0,0.466,8.5,21.5,28.2,25.9,13.0,1.8,1.7,7.1,0.647
mpls,105,2021,194060.0,1061.0,47930.0,31.0,60.0,47.0,83.0,39.0,0.472,7.0,22.8,28.9,25.6,11.4,1.7,1.5,8.7,0.651
mpls,105,2022,234725.0,1128.0,50826.0,31.0,62.0,47.0,86.0,37.0,0.478,6.5,23.6,29.3,25.5,11.4,2.0,1.1,10.2,0.635
mpls,105,2023,245753.0,1209.0,55235.0,29.0,61.0,50.0,88.0,35.0,0.466,8.6,24.7,29.9,24.2,9.5,2.0,1.2,13.0,0.616
mpls,105,2024,263087.0,1245.0,63310.0,24.0,57.0,50.0,92.0,38.0,0.457,10.8,27.3,31.1,22.7,8.6,1.6,0.5,14.6,0.634
mpls,106,2017,240010.0,1167.0,87084.0,6.0,40.0,82.0,91.0,18.0,0.38,2.7,57.8,38.0,23.0,9.8,1.0,2.1,5.9,0.361
mpls,106,2018,253208.0,1172.0,92641.0,6.0,37.0,83.0,92.0,16.0,0.381,2.2,58.8,37.9,23.5,9.2,0.8,2.2,5.7,0.353
mpls,106,2019,264038.0,1253.0,97666.0,6.0,33.0,82.0,94.0,16.0,0.377,3.2,59.1,37.4,23.7,9.4,0.8,2.2,5.9,0.363
mpls,106,2020,283283.0,1311.0,101676.0,6.0,33.0,84.0,94.0,21.0,0.383,3.8,58.9,38.4,24.1,8.1,0.8,2.0,11.0,0.362
mpls,106,2021,309189.0,1360.0,106567.0,6.0,36.0,84.0,96.0,25.0,0.386,4.2,61.0,38.8,23.7,6.4,1.0,1.6,18.6,0.336
mpls,106,2022,354711.0,1577.0,118480.0,6.0,32.0,83.0,96.0,27.0,0.382,3.8,61.4,39.1,23.0,5.3,1.3,1.1,21.6,0.347
mpls,106,2023,373326.0,1592.0,122525.0,6.0,33.0,85.0,97.0,23.0,0.369,5.0,63.1,40.0,22.4,4.2,1.4,1.4,26.6,0.386
mpls,106,2024,394488.0,1679.0,125288.0,5.0,34.0,85.0,96.0,23.0,0.371,5.2,64.5,40.4,21.2,3.5,1.3,1.1,30.5,0.382
mpls,107,2017,198565.0,955.0,58495.0,17.0,43.0,55.0,85.0,26.0,0.428,4.8,43.3,33.6,23.2,11.2,1.8,4.6,5.4,0.465
mpls,107,2018,212872.0,965.0,61837.0,16.0,40.0,56.0,86.0,20.0,0.434,4.4,45.9,34.3,23.0,10.7,1.4,4.6,5.5,0.452
mpls,107,2019,229248.0,989.0,65726.0,16.0,38.0,54.0,88.0,20.0,0.429,4.2,46.8,34.5,22.6,9.5,1.6,4.1,6.0,0.442
mpls,107,2020,255985.0,994.0,70059.0,13.0,37.0,53.0,90.0,25.0,0.427,4.2,46.0,35.6,22.9,7.0,1.9,2.9,11.4,0.46
mpls,107,2021,275275.0,1088.0,74069.0,12.0,34.0,53.0,91.0,30.0,0.415,4.9,47.6,36.1,23.3,6.2,1.8,2.7,15.8,0.487
mpls,107,2022,315911.0,1291.0,83786.0,10.0,37.0,54.0,92.0,31.0,0.41,6.0,49.7,36.4,23.0,5.3,2.1,2.4,20.1,0.469
mpls,107,2023,329365.0,1361.0,89898.0,9.0,36.0,55.0,93.0,30.0,0.407,6.4,50.3,36.4,23.1,5.0,2.1,1.8,23.8,0.463
mpls,107,2024,357020.0,1469.0,93895.0,7.0,38.0,55.0,94.0,31.0,0.411,7.0,53.1,36.2,22.9,3.9,1.5,1.6,26.5,0.469
mpls,108,2017,161794.0,794.0,32141.0,40.0,52.0,24.0,70.0,44.0,0.46,6.2,21.7,28.8,24.5,25.2,9.7,3.0,2.0,0.68
mpls,108,2018,171618.0,829.0,31706.0,38.0,51.0,23.0,72.0,36.0,0.457,7.3,20.9,28.5,24.0,23.7,9.2,2.9,3.5,0.69
mpls,108,2019,192436.0,877.0,32614.0,36.0,48.0,23.0,74.0,39.0,0.463,6.8,21.2,29.2,23.6,22.6,9.0,3.1,4.0,0.704
mpls,108,2020,209417.0,892.0,37276.0,34.0,47.0,24.0,78.0,38.0,0.465,7.5,23.5,28.0,23.2,17.7,10.1,2.6,6.6,0.7
mpls,108,2021,216401.0,932.0,40914.0,33.0,49.0,25.0,82.0,44.0,0.46,8.3,26.2,27.9,22.7,16.3,9.1,2.7,8.4,0.695
mpls,108,2022,224000.0,1004.0,44590.0,32.0,53.0,27.0,83.0,50.0,0.469,10.9,25.6,29.4,22.5,16.3,8.6,2.9,8.1,0.696
mpls,108,2023,253426.0,1067.0,46385.0,33.0,54.0,26.0,85.0,60.0,0.483,11.5,28.1,30.3,22.5,15.3,8.6,3.0,8.7,0.68
mpls,108,2024,252212.0,1086.0,46178.0,32.0,59.0,26.0,86.0,55.0,0.474,11.1,30.5,29.9,22.0,16.9,8.2,2.3,10.8,0.644
mpls,109,2017,198837.0,986.0,51578.0,20.0,45.0,42.0,83.0,41.0,0.421,5.9,38.6,31.5,23.5,14.4,4.6,5.8,4.2,0.611
mpls,109,2018,210046.0,1025.0,53740.0,19.0,44.0,42.0,85.0,37.0,0.415,5.8,39.7,31.5,23.8,14.4,4.5,5.6,4.3,0.605
mpls,109,2019,226021.0,1075.0,57279.0,17.0,42.0,43.0,87.0,33.0,0.412,5.7,42.0,31.7,24.1,14.1,4.7,5.0,4.9,0.6
mpls,109,2020,243120.0,1106.0,61062.0,18.0,38.0,44.0,91.0,40.0,0.41,5.5,46.1,31.2,24.4,15.3,4.2,4.3,9.0,0.605
mpls,109,2021,272067.0,1184.0,64790.0,16.0,40.0,44.0,93.0,42.0,0.403,5.3,47.4,31.7,24.8,12.5,4.3,4.1,14.0,0.597
mpls,109,2022,306340.0,1294.0,69512.0,17.0,41.0,44.0,95.0,46.0,0.402,5.8,47.6,31.8,24.4,10.8,4.2,3.3,18.0,0.602
mpls,109,2023,317177.0,1338.0,75253.0,17.0,47.0,45.0,96.0,48.0,0.416,6.1,48.8,32.1,24.0,10.3,4.1,3.2,21.4,0.603
mpls,109,2024,336558.0,1354.0,74692.0,18.0,48.0,43.0,97.0,51.0,0.423,7.5,48.4,32.4,23.6,9.0,4.4,3.0,24.9,0.608
mpls,110,2017,337744.0,1180.0,99304.0,7.0,42.0,75.0,94.0,23.0,0.427,4.4,65.3,38.1,22.6,7.8,1.6,2.3,8.7,0.314
mpls,110,2018,355927.0,1214.0,105538.0,7.0,41.0,75.0,95.0,21.0,0.425,4.2,67.0,37.6,22.8,8.5,1.8,2.3,8.7,0.309
mpls,110,2019,375742.0,1271.0,110434.0,7.0,37.0,75.0,96.0,20.0,0.424,3.5,66.8,37.4,23.0,8.1,2.0,2.6,9.1,0.324
mpls,110,2020,393394.0,1329.0,115830.0,6.0,34.0,74.0,97.0,18.0,0.439,4.7,68.8,37.5,23.3,7.7,1.7,2.1,15.2,0.333
mpls,110,2021,427283.0,1420.0,122045.0,6.0,33.0,75.0,98.0,21.0,0.441,4.8,70.8,37.8,23.2,6.7,1.6,1.9,22.7,0.301
mpls,110,2022,495163.0,1579.0,136344.0,5.0,32.0,77.0,98.0,21.0,0.435,4.6,72.8,38.1,22.8,5.1,1.7,1.5,28.8,0.3
mpls,110,2023,513285.0,1657.0,140882.0,5.0,31.0,76.0,98.0,20.0,0.43,4.1,73.5,38.3,21.6,2.8,2.0,1.3,32.8,0.31
mpls,110,2024,541722.0,1841.0,145006.0,4.0,34.0,77.0,98.0,23.0,0.433,3.9,77.0,39.5,21.0,2.0,1.9,1.2,36.8,0.307
mpls,111,2017,285930.0,1018.0,52154.0,30.0,49.0,33.0,91.0,37.0,0.486,6.1,65.6,29.9,20.7,17.7,13.1,6.3,3.1,0.458
mpls,111,2018,305464.0,1077.0,53654.0,31.0,48.0,31.0,92.0,39.0,0.476,5.9,66.3,29.6,19.9,16.2,14.8,6.5,4.0,0.447
mpls,111,2019,328371.0,1152.0,57653.0,30.0,49.0,32.0,94.0,34.0,0.469,5.6,67.2,29.5,19.9,15.5,15.6,6.7,4.9,0.433
mpls,111,2020,312062.0,1122.0,43539.0,45.0,53.0,16.0,92.0,44.0,0.465,5.9,54.2,24.5,20.6,15.6,22.9,4.5,8.7,0.432
mpls,111,2021,320260.0,1246.0,42111.0,43.0,56.0,16.0,93.0,51.0,0.463,8.4,56.4,25.0,20.4,13.4,20.1,3.6,13.2,0.442
mpls,111,2022,352261.0,1341.0,45936.0,43.0,56.0,15.0,95.0,46.0,0.475,8.7,56.5,25.4,19.2,11.1,18.3,3.3,16.5,0.455
mpls,111,2023,370612.0,1350.0,47269.0,42.0,55.0,15.0,96.0,43.0,0.472,9.5,57.5,25.3,19.7,9.8,16.4,2.8,18.6,0.493
mpls,111,2024,390942.0,1375.0,49460.0,40.0,55.0,15.0,96.0,42.0,0.476,9.5,57.5,25.7,20.4,10.8,16.1,2.9,21.1,0.518
stpaul,1,2017,170889.0,885.0,49649.0,18.0,51.0,52.0,85.0,43.0,0.395,2.9,25.9,31.6,24.7,6.5,1.2,0.1,2.4,0.7
stpaul,1,2018,180689.0,906.0,49924.0,17.0,46.0,52.0,88.0,34.0,0.407,2.4,26.1,31.5,25.5,6.6,0.8,0.1,2.8,0.694
stpaul,1,2019,187624.0,926.0,51748.0,18.0,48.0,53.0,88.0,31.0,0.409,2.7,28.9,31.3,24.6,4.7,1.1,0.0,2.5,0.696
stpaul,1,2020,194272.0,993.0,50870.0,19.0,52.0,53.0,89.0,35.0,0.411,3.2,29.3,30.6,24.6,4.5,0.9,0.0,4.7,0.7
stpaul,1,2021,204249.0,1074.0,57250.0,18.0,51.0,51.0,92.0,39.0,0.396,2.6,26.6,31.0,24.7,5.1,1.4,0.2,6.2,0.705
stpaul,1,2022,247333.0,1143.0,59994.0,18.0,53.0,51.0,92.0,38.0,0.401,2.8,27.0,30.2,24.4,4.5,1.3,0.2,8.3,0.715
stpaul,1,2023,266494.0,1277.0,68503.0,15.0,55.0,52.0,93.0,33.0,0.385,3.8,27.7,31.3,24.4,5.0,1.3,0.2,8.7,0.712
stpaul,1,2024,279479.0,1301.0,73218.0,13.0,54.0,53.0,96.0,40.0,0.39,3.2,25.0,31.7,23.7,3.5,1.5,0.2,12.2,0.733
stpaul,2,2017,140930.0,905.0,46119.0,23.0,54.0,55.0,84.0,33.0,0.389,5.1,19.7,29.9,26.5,6.2,1.5,0.2,2.7,0.705
stpaul,2,2018,148268.0,921.0,49821.0,21.0,53.0,58.0,86.0,26.0,0.415,6.3,18.2,29.9,26.4,5.9,1.3,0.7,3.2,0.703
stpaul,2,2019,157230.0,1003.0,53914.0,20.0,53.0,57.0,88.0,23.0,0.416,3.9,18.4,30.2,27.1,6.2,1.2,0.5,3.2,0.704
stpaul,2,2020,168111.0,1101.0,59195.0,18.0,47.0,56.0,90.0,17.0,0.401,3.8,19.5,30.1,27.2,5.9,1.5,0.3,3.6,0.703
stpaul,2,2021,176811.0,1131.0,61278.0,19.0,45.0,57.0,92.0,22.0,0.418,4.0,19.8,30.8,27.3,7.0,1.1,0.6,6.8,0.711
stpaul,2,2022,212145.0,1208.0,70488.0,18.0,39.0,57.0,92.0,23.0,0.418,4.1,20.4,30.6,28.5,7.3,1.1,1.1,8.1,0.724
stpaul,2,2023,228624.0,1260.0,71798.0,14.0,40.0,60.0,94.0,23.0,0.386,3.5,21.6,32.0,27.3,6.6,1.2,0.5,10.2,0.733
stpaul,2,2024,236001.0,1277.0,71206.0,18.0,41.0,63.0,96.0,22.0,0.4,5.7,23.2,31.8,24.6,4.3,1.7,0.6,11.5,0.721
stpaul,3,2017,164810.0,855.0,50120.0,25.0,48.0,56.0,82.0,45.0,0.466,5.8,28.5,31.7,24.8,5.1,2.2,0.9,3.9,0.629
stpaul,3,2018,172537.0,945.0,50803.0,24.0,47.0,53.0,88.0,43.0,0.471,6.3,28.8,30.6,24.2,5.0,1.6,0.7,4.6,0.628
stpaul,3,2019,181263.0,923.0,54315.0,21.0,46.0,53.0,88.0,39.0,0.479,8.2,31.6,30.9,25.5,6.2,3.0,0.5,4.2,0.636
stpaul,3,2020,194744.0,926.0,58680.0,18.0,43.0,54.0,90.0,30.0,0.47,6.3,30.3,33.9,23.0,6.6,6.4,0.5,6.8,0.642
stpaul,3,2021,208357.0,1009.0,61998.0,19.0,51.0,54.0,91.0,25.0,0.483,6.3,31.0,33.1,23.4,5.7,4.0,0.6,8.2,0.636
stpaul,3,2022,238284.0,1115.0,71358.0,18.0,52.0,58.0,91.0,27.0,0.472,5.0,33.5,34.1,21.8,5.0,3.4,0.2,12.4,0.635
stpaul,3,2023,256283.0,1379.0,79899.0,17.0,58.0,62.0,92.0,27.0,0.421,3.1,31.0,35.6,20.4,3.8,3.7,0.1,16.7,0.652
stpaul,3,2024,266520.0,1431.0,74442.0,14.0,54.0,62.0,93.0,39.0,0.415,2.2,30.6,36.6,18.9,2.6,2.8,0.7,19.4,0.658
stpaul,4,2017,132567.0,982.0,44116.0,30.0,59.0,47.0,81.0,49.0,0.435,9.6,19.3,29.5,25.1,7.8,1.9,0.5,3.0,0.711
stpaul,4,2018,138247.0,990.0,45313.0,27.0,60.0,49.0,85.0,46.0,0.425,7.8,21.6,28.7,25.0,8.1,1.3,0.5,4.9,0.718
stpaul,4,2019,153384.0,1001.0,45714.0,26.0,61.0,50.0,86.0,40.0,0.423,8.0,20.9,29.6,26.6,8.4,1.5,0.6,6.4,0.707
stpaul,4,2020,161693.0,1040.0,51155.0,22.0,59.0,53.0,89.0,41.0,0.4,6.5,21.4,29.7,28.8,8.4,0.9,0.6,12.3,0.725
stpaul,4,2021,176306.0,1188.0,54272.0,21.0,60.0,53.0,90.0,37.0,0.412,5.2,22.2,31.2,27.3,8.6,0.9,0.4,13.3,0.716
stpaul,4,2022,204869.0,1285.0,59972.0,20.0,56.0,56.0,91.0,36.0,0.409,5.0,23.0,32.5,26.2,6.9,0.3,0.5,13.1,0.726
stpaul,4,2023,230439.0,1347.0,66052.0,18.0,54.0,57.0,92.0,30.0,0.404,4.9,25.9,34.0,25.3,5.7,0.5,0.7,15.6,0.71
stpaul,4,2024,236949.0,1340.0,70996.0,16.0,49.0,57.0,95.0,28.0,0.416,6.3,30.1,34.6,22.8,6.5,1.2,0.5,19.2,0.725
stpaul,5,2017,134974.0,932.0,44517.0,26.0,56.0,47.0,81.0,49.0,0.425,8.9,17.1,28.2,25.8,7.7,1.6,0.6,3.2,0.693
stpaul,5,2018,148510.0,957.0,45764.0,26.0,57.0,48.0,84.0,41.0,0.426,8.4,16.0,29.1,26.7,8.8,1.7,0.7,3.7,0.701
stpaul,5,2019,158386.0,1009.0,48081.0,24.0,55.0,49.0,86.0,34.0,0.42,9.0,16.8,29.6,26.7,7.5,1.9,0.5,2.8,0.696
stpaul,5,2020,165950.0,1066.0,50241.0,25.0,58.0,52.0,88.0,35.0,0.414,6.2,18.3,30.0,25.4,6.0,1.2,0.5,7.4,0.698
stpaul,5,2021,178837.0,1082.0,56110.0,25.0,57.0,55.0,90.0,27.0,0.403,6.2,20.2,30.3,23.3,4.8,1.0,0.3,11.2,0.686
stpaul,5,2022,209842.0,1199.0,63094.0,24.0,56.0,59.0,91.0,24.0,0.428,6.0,22.0,31.2,23.7,5.8,0.8,0.2,14.2,0.68
stpaul,5,2023,228267.0,1238.0,65177.0,23.0,50.0,58.0,92.0,24.0,0.433,6.0,24.0,31.2,22.5,3.6,1.1,0.3,15.7,0.665
stpaul,5,2024,238459.0,1275.0,67280.0,23.0,49.0,59.0,92.0,27.0,0.421,4.9,24.0,30.5,21.3,3.3,1.2,0.2,16.4,0.661
stpaul,6,2017,137189.0,811.0,35987.0,32.0,59.0,41.0,78.0,45.0,0.439,6.7,16.2,27.6,24.8,10.0,1.1,0.4,5.1,0.728
stpaul,6,2018,151302.0,853.0,35960.0,32.0,60.0,40.0,80.0,35.0,0.437,5.6,16.3,27.6,24.8,10.4,2.2,0.3,3.6,0.726
stpaul,6,2019,155766.0,899.0,40770.0,29.0,57.0,41.0,83.0,37.0,0.43,6.6,15.9,28.0,25.4,9.9,1.7,0.2,4.0,0.727
stpaul,6,2020,162669.0,917.0,41505.0,28.0,58.0,44.0,88.0,40.0,0.424,6.6,15.2,28.4,24.7,9.3,1.5,0.4,8.0,0.726
stpaul,6,2021,174537.0,994.0,47049.0,29.0,58.0,46.0,91.0,40.0,0.415,5.9,15.6,29.0,25.1,11.2,2.1,0.3,10.3,0.724
stpaul,6,2022,198951.0,1113.0,56409.0,23.0,54.0,50.0,93.0,37.0,0.408,6.6,18.0,29.0,25.0,10.4,1.9,0.3,10.0,0.7
stpaul,6,2023,216997.0,1152.0,63559.0,19.0,50.0,50.0,94.0,33.0,0.4,6.5,19.7,29.2,23.8,8.6,0.9,0.3,12.0,0.728
stpaul,6,2024,225205.0,1170.0,61390.0,22.0,49.0,50.0,95.0,28.0,0.419,4.9,19.8,28.6,22.3,8.1,1.5,0.4,11.8,0.741
stpaul,7,2017,130573.0,813.0,37714.0,33.0,51.0,38.0,80.0,46.0,0.478,8.6,19.0,27.5,23.6,15.4,3.8,0.6,4.3,0.71
stpaul,7,2018,136419.0,876.0,41520.0,32.0,50.0,38.0,81.0,41.0,0.459,8.1,17.3,28.2,23.9,14.5,3.3,0.3,4.1,0.715
stpaul,7,2019,148168.0,894.0,44254.0,31.0,47.0,40.0,83.0,35.0,0.451,8.1,18.1,28.0,24.9,15.0,2.3,0.4,3.2,0.717
stpaul,7,2020,163177.0,893.0,43394.0,26.0,48.0,43.0,86.0,25.0,0.446,8.0,19.9,28.7,24.5,17.3,2.3,0.2,4.5,0.73
stpaul,7,2021,176291.0,948.0,46295.0,25.0,51.0,41.0,89.0,25.0,0.453,7.9,19.2,28.5,24.8,16.7,1.4,0.4,7.9,0.714
stpaul,7,2022,199922.0,1033.0,51796.0,24.0,54.0,44.0,90.0,31.0,0.438,7.7,21.2,29.6,23.3,13.4,2.6,0.4,8.2,0.729
stpaul,7,2023,220338.0,1093.0,52927.0,27.0,59.0,45.0,88.0,26.0,0.454,7.3,22.1,28.2,22.1,14.0,3.2,0.3,10.5,0.721
stpaul,7,2024,230143.0,1181.0,57531.0,24.0,56.0,48.0,92.0,23.0,0.423,7.1,24.2,29.2,20.7,11.3,3.0,0.3,12.4,0.705
stpaul,8,2017,259291.0,874.0,55921.0,23.0,39.0,39.0,86.0,32.0,0.46,6.7,47.4,32.5,24.0,11.8,3.8,1.7,6.9,0.457
stpaul,8,2018,280990.0,837.0,54694.0,22.0,39.0,39.0,86.0,23.0,0.468,5.8,47.3,32.9,24.2,12.7,4.5,1.6,6.9,0.456
stpaul,8,2019,289421.0,912.0,58219.0,19.0,37.0,40.0,86.0,18.0,0.481,7.1,48.8,33.4,24.8,13.2,4.3,1.2,6.7,0.465
stpaul,8,2020,295915.0,1004.0,63844.0,19.0,37.0,45.0,90.0,19.0,0.474,5.9,49.3,35.2,24.3,14.5,4.2,0.9,10.9,0.466
stpaul,8,2021,309875.0,1012.0,64947.0,16.0,35.0,42.0,94.0,25.0,0.492,6.9,50.9,34.6,22.6,13.0,4.7,0.9,15.5,0.435
stpaul,8,2022,358879.0,1105.0,69185.0,17.0,36.0,43.0,94.0,25.0,0.488,6.7,51.4,34.7,22.1,10.8,4.4,0.8,18.0,0.445
stpaul,8,2023,356409.0,1190.0,72472.0,18.0,38.0,45.0,96.0,34.0,0.499,7.3,52.1,34.8,22.2,10.2,3.3,0.9,20.0,0.477
stpaul,8,2024,378323.0,1197.0,74698.0,17.0,39.0,46.0,95.0,41.0,0.522,6.8,54.0,35.2,20.5,8.1,2.5,1.4,22.1,0.476
stpaul,9,2017,186892.0,1047.0,58506.0,14.0,38.0,52.0,84.0,33.0,0.437,7.4,39.0,37.2,21.7,8.9,3.5,1.1,5.4,0.453
stpaul,9,2018,194573.0,1135.0,61454.0,12.0,38.0,50.0,87.0,21.0,0.431,7.0,41.4,37.0,21.9,8.5,4.2,1.0,5.8,0.45
stpaul,9,2019,204807.0,1260.0,62543.0,12.0,40.0,50.0,90.0,11.0,0.421,7.5,44.0,37.5,22.7,7.5,3.9,1.0,7.0,0.421
stpaul,9,2020,216695.0,1232.0,65662.0,12.0,42.0,52.0,90.0,10.0,0.421,5.8,47.3,39.8,22.8,8.5,4.5,0.6,11.5,0.421
stpaul,9,2021,227913.0,1284.0,66530.0,12.0,44.0,52.0,90.0,21.0,0.435,6.9,48.4,40.7,22.0,7.9,5.7,0.8,15.7,0.4
stpaul,9,2022,274397.0,1342.0,72923.0,13.0,44.0,52.0,91.0,19.0,0.438,5.7,50.4,39.4,22.2,7.0,5.7,0.8,19.1,0.385
stpaul,9,2023,287019.0,1455.0,77610.0,13.0,42.0,52.0,91.0,25.0,0.416,5.4,51.1,39.0,21.5,6.0,5.1,0.8,21.7,0.405
stpaul,9,2024,304132.0,1392.0,72766.0,16.0,42.0,49.0,91.0,35.0,0.46,4.8,52.8,38.8,20.2,4.8,5.4,1.0,24.8,0.442
stpaul,10,2017,211983.0,922.0,70449.0,10.0,40.0,65.0,88.0,23.0,0.383,2.5,53.0,37.3,23.4,7.2,1.9,4.0,4.5,0.391
stpaul,10,2018,215686.0,945.0,72579.0,9.0,38.0,65.0,90.0,19.0,0.373,1.2,53.3,38.1,23.8,7.1,2.4,3.1,4.6,0.422
stpaul,10,2019,227727.0,977.0,76746.0,9.0,38.0,65.0,92.0,25.0,0.382,1.3,56.6,38.7,23.9,8.0,2.5,2.4,5.1,0.402
stpaul,10,2020,239602.0,1023.0,84246.0,8.0,44.0,68.0,95.0,19.0,0.387,0.9,58.6,38.4,24.1,7.4,2.1,2.2,16.4,0.396
stpaul,10,2021,252340.0,1104.0,88004.0,9.0,41.0,71.0,96.0,19.0,0.381,1.5,58.3,38.1,23.9,5.8,1.6,1.8,18.0,0.412
stpaul,10,2022,278752.0,1155.0,93977.0,10.0,44.0,71.0,97.0,15.0,0.395,2.8,58.3,38.0,21.8,5.7,1.3,2.1,21.3,0.41
stpaul,10,2023,297335.0,1126.0,87578.0,10.0,42.0,70.0,96.0,16.0,0.413,3.2,59.2,38.6,20.9,5.3,1.1,2.3,27.7,0.402
stpaul,10,2024,310510.0,1182.0,86987.0,9.0,39.0,69.0,97.0,15.0,0.41,4.0,55.8,38.3,20.7,4.0,1.5,1.9,29.5,0.429
stpaul,11,2017,176457.0,840.0,57173.0,16.0,43.0,58.0,85.0,35.0,0.425,6.6,49.5,29.9,21.7,13.5,7.4,3.8,9.0,0.533
stpaul,11,2018,187891.0,847.0,57958.0,17.0,43.0,58.0,88.0,31.0,0.417,7.5,50.1,30.0,22.5,13.9,7.4,4.8,9.7,0.525
stpaul,11,2019,198410.0,913.0,63478.0,17.0,41.0,61.0,89.0,24.0,0.417,7.5,51.8,30.4,23.1,14.7,5.8,4.2,9.0,0.494
stpaul,11,2020,216077.0,846.0,66973.0,16.0,43.0,61.0,92.0,32.0,0.396,6.3,56.4,31.6,25.4,17.4,4.5,3.6,14.4,0.473
stpaul,11,2021,226697.0,865.0,68600.0,14.0,44.0,61.0,90.0,38.0,0.404,5.6,56.4,32.6,24.6,14.8,4.3,3.1,18.6,0.459
stpaul,11,2022,266615.0,937.0,72100.0,14.0,48.0,60.0,92.0,41.0,0.407,5.1,56.9,33.6,24.3,14.9,4.0,1.7,22.2,0.44
stpaul,11,2023,288186.0,1140.0,80072.0,12.0,47.0,60.0,95.0,43.0,0.39,5.2,60.0,33.2,24.5,12.6,4.0,1.1,23.6,0.475
stpaul,11,2024,301079.0,1211.0,82387.0,12.0,44.0,57.0,95.0,58.0,0.371,4.5,56.8,32.6,23.8,11.9,4.8,1.1,24.5,0.522
stpaul,12,2017,273361.0,901.0,57786.0,19.0,48.0,42.0,89.0,34.0,0.495,3.0,66.0,32.8,20.7,14.3,6.8,6.7,7.9,0.479
stpaul,12,2018,291534.0,938.0,65867.0,20.0,44.0,42.0,91.0,20.0,0.479,4.4,64.4,33.6,21.8,15.8,6.8,5.8,8.9,0.47
stpaul,12,2019,293938.0,976.0,70798.0,19.0,39.0,44.0,92.0,25.0,0.482,6.7,67.0,33.7,22.2,15.3,6.3,5.8,9.0,0.439
stpaul,12,2020,310261.0,1057.0,69441.0,17.0,38.0,43.0,93.0,34.0,0.475,6.0,64.5,33.8,21.9,14.6,6.3,3.5,11.4,0.452
stpaul,12,2021,320497.0,1085.0,76023.0,15.0,38.0,44.0,94.0,37.0,0.469,6.9,66.7,34.4,21.7,12.8,6.4,2.0,16.0,0.437
stpaul,12,2022,350740.0,1266.0,79511.0,14.0,38.0,44.0,96.0,33.0,0.466,7.7,68.5,33.8,21.1,12.0,6.1,1.9,18.1,0.432
stpaul,12,2023,368414.0,1386.0,74410.0,13.0,46.0,39.0,96.0,31.0,0.488,8.2,66.8,34.2,19.9,11.1,5.3,2.0,20.1,0.507
stpaul,12,2024,392393.0,1377.0,75183.0,13.0,44.0,35.0,96.0,27.0,0.491,7.2,64.2,33.9,19.1,10.8,5.3,1.9,22.2,0.518
stpaul,13,2017,251839.0,851.0,55593.0,23.0,46.0,41.0,87.0,43.0,0.481,5.3,52.9,29.2,22.4,12.2,7.2,4.2,6.3,0.422
stpaul,13,2018,261426.0,863.0,56821.0,26.0,42.0,40.0,88.0,35.0,0.497,7.5,53.4,29.0,21.8,13.5,8.1,3.1,5.1,0.411
stpaul,13,2019,278600.0,874.0,60886.0,22.0,43.0,41.0,89.0,37.0,0.49,8.8,53.8,29.9,21.7,14.8,6.7,3.6,5.4,0.417
stpaul,13,2020,347457.0,899.0,65433.0,19.0,39.0,46.0,92.0,35.0,0.503,7.9,58.9,31.7,22.6,14.6,7.2,2.1,6.4,0.346
stpaul,13,2021,367659.0,997.0,71886.0,19.0,39.0,44.0,95.0,32.0,0.508,10.0,60.7,32.0,22.3,12.1,7.1,2.0,11.4,0.339
stpaul,13,2022,384054.0,1137.0,77924.0,17.0,43.0,45.0,97.0,36.0,0.496,10.6,59.7,32.4,20.9,9.5,6.0,1.6,14.7,0.315
stpaul,13,2023,403191.0,1220.0,84434.0,18.0,42.0,46.0,97.0,31.0,0.466,11.1,62.9,32.6,19.7,6.9,6.3,1.1,18.9,0.354
stpaul,13,2024,449758.0,1260.0,80384.0,17.0,40.0,43.0,96.0,39.0,0.467,8.6,63.9,33.5,18.3,3.8,5.2,0.6,20.5,0.36
stpaul,14,2017,318142.0,986.0,72798.0,11.0,53.0,66.0,91.0,24.0,0.474,2.6,72.3,31.9,21.7,8.3,6.3,2.2,12.9,0.225
stpaul,14,2018,336883.0,976.0,80467.0,11.0,53.0,67.0,92.0,24.0,0.472,3.3,74.8,32.5,21.7,8.2,7.5,2.3,11.6,0.2
stpaul,14,2019,354782.0,1068.0,88898.0,10.0,47.0,67.0,94.0,22.0,0.46,5.3,75.8,31.9,21.5,7.4,7.9,2.0,10.3,0.205
stpaul,14,2020,376067.0,1177.0,90383.0,10.0,48.0,64.0,96.0,18.0,0.471,6.3,75.2,33.0,21.2,6.6,9.9,1.9,15.7,0.252
stpaul,14,2021,399435.0,1226.0,93664.0,11.0,48.0,64.0,97.0,23.0,0.476,7.4,76.3,33.0,20.4,5.5,10.8,2.4,19.4,0.263
stpaul,14,2022,451522.0,1237.0,98249.0,10.0,48.0,65.0,98.0,21.0,0.487,8.2,77.5,33.5,19.0,4.2,13.9,2.1,21.3,0.305
stpaul,14,2023,466324.0,1299.0,100667.0,10.0,50.0,66.0,98.0,22.0,0.489,8.9,74.3,33.2,18.2,3.7,13.5,1.6,25.3,0.335
stpaul,14,2024,479467.0,1333.0,99811.0,10.0,50.0,65.0,98.0,21.0,0.491,7.5,73.7,33.7,18.0,3.2,14.0,1.9,26.7,0.342
stpaul,15,2017,283969.0,987.0,83364.0,6.0,46.0,71.0,90.0,15.0,0.432,5.4,60.7,41.7,22.6,7.4,1.5,1.1,7.7,0.328
stpaul,15,2018,294801.0,1013.0,90946.0,6.0,50.0,72.0,91.0,8.0,0.43,5.6,64.2,41.8,23.4,7.7,1.3,1.0,8.6,0.291
stpaul,15,2019,303787.0,1042.0,88930.0,6.0,49.0,72.0,91.0,10.0,0.428,6.6,65.4,40.2,22.9,7.2,1.1,0.9,7.9,0.262
stpaul,15,2020,293028.0,1134.0,79319.0,10.0,47.0,52.0,91.0,13.0,0.445,6.0,57.1,40.2,22.4,7.9,1.1,0.7,9.2,0.345
stpaul,15,2021,315401.0,1182.0,84251.0,8.0,47.0,52.0,93.0,13.0,0.461,5.0,58.4,40.6,21.2,7.3,1.9,0.6,15.1,0.34
stpaul,15,2022,356284.0,1156.0,94680.0,10.0,49.0,54.0,93.0,18.0,0.453,5.4,58.3,41.1,20.4,5.5,2.3,0.8,17.8,0.335
stpaul,15,2023,379849.0,1311.0,96820.0,9.0,49.0,55.0,95.0,17.0,0.461,4.9,60.4,42.4,19.8,5.3,2.7,0.8,22.2,0.364
stpaul,15,2024,421456.0,1346.0,100452.0,7.0,52.0,56.0,95.0,16.0,0.463,3.7,62.4,41.9,19.5,5.4,2.8,1.4,24.7,0.397
stpaul,16,2017,388570.0,945.0,84763.0,6.0,34.0,59.0,90.0,28.0,0.487,4.4,72.2,37.5,22.9,4.5,4.3,2.3,6.3,0.248
stpaul,16,2018,374197.0,965.0,84371.0,5.0,34.0,56.0,93.0,26.0,0.487,4.0,74.1,36.6,24.6,7.0,2.5,2.5,5.5,0.231
stpaul,16,2019,404107.0,987.0,88413.0,6.0,33.0,55.0,93.0,21.0,0.493,5.7,72.7,37.9,24.2,6.0,1.9,2.9,6.7,0.215
stpaul,16,2020,436351.0,1072.0,98404.0,6.0,26.0,57.0,95.0,19.0,0.481,5.7,74.0,36.8,23.8,4.5,1.2,1.9,14.8,0.252
stpaul,16,2021,434376.0,1101.0,101601.0,6.0,29.0,61.0,95.0,27.0,0.469,6.5,73.6,37.8,24.7,5.1,1.2,2.3,19.2,0.266
stpaul,16,2022,491437.0,1273.0,118642.0,7.0,30.0,59.0,98.0,17.0,0.443,5.8,72.9,36.0,22.2,3.8,0.7,2.2,20.7,0.295
stpaul,16,2023,540687.0,1325.0,129754.0,7.0,32.0,61.0,97.0,23.0,0.439,6.5,74.1,36.4,19.5,2.1,1.3,1.3,27.1,0.3
stpaul,16,2024,586032.0,1329.0,126586.0,5.0,31.0,60.0,98.0,24.0,0.44,5.7,74.4,36.2,19.7,2.1,1.6,1.1,27.1,0.304
stpaul,17,2017,192600.0,1130.0,40441.0,26.0,59.0,14.0,89.0,50.0,0.498,8.3,63.8,31.7,21.9,16.3,19.3,0.7,3.8,0.483
stpaul,17,2018,198900.0,1230.0,47257.0,22.0,50.0,11.0,94.0,45.0,0.474,9.2,65.9,31.8,22.1,15.9,18.4,0.7,5.0,0.468
stpaul,17,2019,241900.0,1355.0,59301.0,19.0,44.0,10.0,93.0,36.0,0.457,11.6,67.8,31.2,22.1,14.7,14.2,0.2,4.7,0.57
stpaul,17,2020,227261.0,1225.0,61183.0,14.0,41.0,26.0,91.0,46.0,0.451,9.6,66.0,37.7,22.2,12.8,16.5,0.6,9.2,0.499
stpaul,17,2021,235497.0,1320.0,63767.0,16.0,42.0,25.0,94.0,50.0,0.45,12.3,63.2,35.7,22.2,11.8,14.9,0.7,14.3,0.481
stpaul,17,2022,246740.0,1450.0,72218.0,14.0,46.0,26.0,94.0,47.0,0.452,15.7,59.5,38.6,22.0,9.9,10.0,0.9,22.6,0.45
stpaul,17,2023,267288.0,1455.0,64917.0,16.0,51.0,24.0,94.0,49.0,0.482,12.6,55.8,40.2,21.5,7.4,9.9,0.6,27.1,0.5
stpaul,17,2024,264443.0,1424.0,60967.0,21.0,52.0,23.0,92.0,49.0,0.507,12.4,49.9,42.0,19.8,3.8,10.6,2.0,29.7,0.525
