zip,county,zhvi_2016,zhvi_2017,zhvi_2018,zhvi_2019,zhvi_2020,zhvi_2021,zhvi_2022,zhvi_2023,zhvi_2024,zhvi_2025
55106,Ramsey County,158704.923960456,175832.28019967428,192682.92536780346,202838.0039477852,221980.450727489,243208.974581679,252435.71233482487,256447.8095629438,260706.21054261705,261755.15422250898
55104,Ramsey County,208167.491824929,229356.30257970025,244792.75503410734,253084.4339850423,273703.56240860536,294961.0670446655,302610.95632044965,304860.6077791383,307888.4818151987,304510.3221782756
55119,Ramsey County,188229.55325818263,204933.6982766357,218593.08700947475,229282.8113970987,250151.8183261305,276574.25022494147,286693.2120067398,293192.5678635251,297469.6652293811,300473.9107564034
55112,Ramsey County,242811.5535849725,261638.23846836868,277875.5735669422,286080.80480900645,312392.9621852135,342092.8251223461,363202.067910284,368335.4026101508,373978.52640301787,376382.7644634834
55117,Ramsey County,187200.00541986673,205175.85421574404,219526.0516566575,230204.0940035115,251201.56908193568,276517.5611111561,284467.17542433325,289672.1663728453,295765.1613497324,298591.1006295174
55113,Ramsey County,247008.03203697735,265478.1941512541,279909.00403904635,287918.8672754649,314397.5999611597,339909.74051738804,352003.1129839211,360254.573622806,366995.49014484463,373776.0446268494
55110,Ramsey County,241213.21046827149,259098.8860202641,273898.63658087474,283786.72711553756,310835.5988917875,341748.34225492616,357190.776056801,365851.42240631796,371040.7746339596,376962.7169924231
55311,Hennepin County,337786.4792732608,355251.28267176455,371567.6707730852,384407.904364882,405799.58983172127,460271.40370376705,481236.0301411045,482002.2235588844,487907.69438622944,494221.07018256304
55407,Hennepin County,225211.66951743816,244440.41613411822,264725.1870981485,274116.30334068445,293780.2854161705,305274.7812338143,308492.02659471805,310944.3748577864,314967.36732903094,318932.64130144834
55369,Hennepin County,254878.46800288677,269949.1974262916,291412.64107583655,306813.7816726477,327551.00342575455,363912.1733450231,380425.5350821334,381241.40637305356,383718.2993880937,393866.22750548244
55423,Hennepin County,216953.59795539477,235427.48605788834,255069.36317887323,265643.39656370756,285750.2809873319,308710.1522855271,322541.3927989625,331158.8125591316,335076.8312807545,346173.6470893565
55406,Hennepin County,233164.31486521955,255530.51558899353,275801.27014229953,285989.5054533326,305013.0117138048,317407.0985507211,326647.03726177575,333003.54128062003,336157.0307356531,342730.7997068814
55443,Hennepin County,252482.5206828698,269601.10853233136,289580.18226996355,305712.66622483626,326434.97562307806,364666.9032275448,378166.7168744307,377271.7916751446,382726.43837177125,383681.7762620068
55109,Ramsey County,212082.64271682026,229287.48900558602,242255.4179284981,253976.09501442933,277783.0082525506,308129.27225531853,321668.5154597727,325255.16670459975,332588.16748616163,336291.45759337314
55416,Hennepin County,308541.03153846425,330810.22518700926,347411.04682280653,351624.6197358884,369739.44209644775,394599.7860733848,407590.391797451,409316.9354982799,410847.9178258337,414774.2873610417
55408,Hennepin County,228631.60685794332,246715.42935601165,262440.15308398334,269548.00562431104,286747.32602886134,298817.6651207533,297766.061111238,293047.9184598026,287964.10132455005,287958.24646622164
55418,Hennepin County,230315.85440124004,252096.96319355434,272287.3289458276,282819.81452276726,305205.17623157956,323060.55309239315,331814.05937651306,338147.1818990593,342960.8989882047,347406.6625394271
55428,Hennepin County,196038.94128171811,211918.74225122228,232281.39585774383,243802.75484913215,262787.1320080113,289373.1668932536,301601.22125353524,305731.85478357435,310167.9403339515,318416.5938258928
55414,Hennepin County,283363.36169334565,304806.01591180894,321160.1546532957,331217.725748016,351879.8615273798,371438.4151013721,371694.228760025,359606.64726961806,359309.1719779349,348436.09596711677
55347,Hennepin County,382406.7168324525,396685.18633207027,414965.2961135385,426157.3593262029,449592.5190836847,501437.38883211627,528625.1607975293,539713.7426902055,550080.1143914323,562569.3009000629
55126,Ramsey County,263813.3640815716,281531.98818078265,300941.81514189276,311156.97395794134,338690.09807325137,372219.63788939844,391562.4283550617,397132.39586605417,405757.0518751061,409476.31166668213
55419,Hennepin County,341195.85130891163,366626.88013125,387852.76397239073,394433.077863344,414408.5698287639,436159.3984247253,451830.97230102634,463734.0912037185,470482.74713771464,487563.2022011182
55404,Hennepin County,194757.87910974273,212883.7179459676,230166.53039450108,238055.8725947151,250165.66753041817,258211.85318517065,248827.67785422213,241829.636266439,241216.44069209648,235269.94266524588
55105,Ramsey County,344056.6019892173,364745.1755705075,383545.41854555585,383884.1482631839,407519.3514272617,429736.82683646836,443681.52337981615,451378.6306773241,455963.60519675026,466771.87776161736
55411,Hennepin County,143573.8248949037,161007.8581640535,181735.57523437226,195549.98721243444,216507.73676956308,233459.76322757793,236254.67873125605,236894.32751260433,237959.865451959,239788.75950396052
55429,Hennepin County,174906.90639394269,192730.9764723486,214124.729017503,230079.80868170093,248376.9275097372,276159.8569807768,286325.03701363975,292650.8718475109,297020.10140484077,301373.3058563517
55422,Hennepin County,212461.10789003677,231857.48867652574,250674.35914648962,262567.7283524967,284176.7180922642,309485.86571707437,322896.9738564933,328567.41062296747,330305.07130404515,337694.6800979678
55343,Hennepin County,216135.272477473,235193.99444851148,253760.78179219636,265058.33668494987,286062.3298236533,312103.99752046843,324942.36252612394,333143.505782163,337042.28133664397,343091.57928519807
55446,Hennepin County,415555.90787625924,433093.63566671306,452890.1018227902,468935.98101287225,491545.11526510003,556204.0891771865,589179.2604661227,595459.8402235805,606333.8064350272,613819.998531883
55426,Hennepin County,244698.34276579242,263822.8299193632,282825.61615133216,291912.1740403699,313357.4847422145,333854.25391523493,348937.89567777765,357973.6352354651,363361.6864112168,369137.7134772579
55116,Ramsey County,318081.13138505,337021.7846037103,353297.74349967827,358058.37365619483,383167.1588999236,403901.77802810346,420121.60110350075,432622.7334322213,437974.4887191484,448480.4825764897
55420,Hennepin County,209407.67272030204,225484.13518126032,246201.943574716,258210.67068127598,276308.0239770557,299115.11117967666,312675.5282064336,322622.4626487573,325521.41127793945,334617.2274770711
55417,Hennepin County,254521.76219842036,275061.06779620395,294613.85006272147,302943.2816206349,324286.0231410643,337227.58590030303,351477.03041134047,363566.4272388763,368319.1073852346,377331.1563449742
55412,Hennepin County,136938.86234846883,152812.3545347677,175486.0038579423,188235.9315611442,204680.34806408492,223121.8580423824,226743.02165867345,226714.50521059823,228212.0588267348,233166.10526554007
55427,Hennepin County,235566.13826668472,254021.33277776092,273610.7865822516,285072.8844993913,304513.4267552239,333919.99977686047,350704.55567154195,354719.1750849791,355468.10771737754,365237.56468617776
55316,Hennepin County,236718.97370754884,253102.0552523005,271513.5385214467,285115.7047305061,302306.7200861163,342433.2008947719,356110.56864632695,358240.02141456446,361653.3104923272,372510.13392247935
55430,Hennepin County,164319.24284393524,181331.60637684874,203610.1890926205,218140.57608090926,235121.27559203331,259750.94879850745,268521.9671672596,274454.4394725329,277667.28884584317,279174.0524914447
55447,Hennepin County,317084.0055164098,337215.5311941106,356720.8638128529,371982.6456339846,395578.13663121196,437148.6352517724,465871.4883756905,473203.71714892663,481840.4613763837,491838.32831748953
55410,Hennepin County,421522.098324306,441801.9323058664,462402.15771288873,468524.71403256455,484946.76884327544,512189.43987693364,537211.2143930496,552464.5422592008,564843.0155436293,587178.2323865845
55345,Hennepin County,344466.2520642368,366917.252204052,383121.0228497489,397705.3037602476,418149.4460916066,461690.22466194304,489151.0568560362,502274.3703815946,517029.2346968218,529040.4412382386
55305,Hennepin County,298715.29043923836,318852.72665472626,340623.5414512831,351599.8963243535,374764.19891644595,406249.7564797254,427080.4885480606,435776.8770163997,444171.4591306695,456783.9049214137
55102,Ramsey County,190370.36745050037,210621.47822688334,225610.43430930842,233754.2708896457,250359.81694307932,267502.4609041479,273471.0390996857,275128.75665696425,278918.9682803938,283855.31155817915
55331,Hennepin County,524630.8286941261,548563.3632375072,573951.3844988517,584362.9044244983,633011.6829126162,721578.991480886,770740.3577239927,770078.325290584,793688.5856743915,809688.9786492366
55431,Hennepin County,245626.8722688648,261532.3624630385,283479.92234068114,292601.72717033693,312573.2798972295,337216.97912780667,354076.6352782683,363311.101584152,366457.0140069374,377116.33859000285
55441,Hennepin County,297696.8793112464,316620.9009767377,337433.99774152297,349570.51986029075,371478.2489853478,408793.8078091534,431844.3614760304,437753.18820821383,441442.8849439407,454602.7249922045
55346,Hennepin County,319940.7657960286,337018.71430393774,356822.6625620187,365736.0969275648,387687.14884058246,429461.6935240572,452720.37769041146,462145.3731264773,470600.9211640859,481588.83893545996
55403,Hennepin County,205987.08370290298,223472.65744735845,230269.29785064186,237204.44134446408,243233.31335214796,242354.84643931876,229120.69378050612,204867.6435899711,206175.93707156077,192497.53776531
55437,Hennepin County,257381.89753814647,274351.52907011396,296858.69076941407,307632.42532093544,324976.8644480544,352453.35181694926,369713.87276127585,379283.56524968793,381249.1969658034,392499.27299985057
55127,Ramsey County,306683.0098650299,328440.9413265153,344315.9738145631,354796.686197729,382093.17767997476,421428.1754089299,442824.984292019,453151.1559967343,462722.4539233555,462788.90932927286
55130,Ramsey County,150151.7324710491,168535.4677329581,186640.5256885723,196735.4370303826,216327.90234976806,237683.16942905623,243871.41095093513,246780.8821102721,249605.21779269938,249937.73001972286
55405,Hennepin County,337243.64074814436,359370.1526572176,376762.0582916354,385026.7318573003,406495.2717682791,425121.4849815029,435398.4508198599,442683.22538477095,446412.010711463,456327.5678146369
55391,Hennepin County,602554.9183769753,636195.1259769896,666986.1845216752,672717.949793903,724011.4513301867,844165.2841962873,912698.4291297536,923296.0344909434,958272.000542535,998127.392083141
55107,Ramsey County,169732.60779711846,187190.44032766565,199754.45033603636,212801.2971132412,232697.53518887935,253077.95776765535,261061.3706094978,263298.0966019644,268616.8081345869,270187.8961902295
55438,Hennepin County,270439.43942582264,286657.199045332,307449.37523072265,318443.4931413494,337108.62038777,369245.20924423775,385498.04337158235,390223.8839415011,391913.59203097696,403074.6446367066
55374,Hennepin County,314254.6131038986,332804.37847966404,350432.34360524686,363961.43415935035,386819.9845785285,443652.3141908329,467364.09516142245,468452.0032872975,474309.2559938074,478027.91935938987
55444,Hennepin County,203357.23252746245,220419.21720842444,244424.6814263663,258352.55506923885,276910.7536813425,308224.1100454671,320460.25037661544,325775.682451214,333691.17818101525,337148.4286898982
55413,Hennepin County,230153.87263774165,253397.19757263284,277669.86095908994,286050.7293722049,306895.1747191769,323475.1909487132,326162.41303230077,325256.4955841605,327760.32487285516,335192.4416070007
55108,Ramsey County,265618.64663731883,283380.4616888971,297413.6227358352,303973.1132764399,326957.1666366544,351255.5615286031,361373.1737694466,367382.5301986455,368169.17523379676,382098.1185525269
55436,Hennepin County,417263.19135454233,443941.36485630675,473292.93586382846,473611.7796452928,493313.32910569175,540503.0995690605,569102.9696028037,594357.105364316,609393.25951554,622055.8399112411
55435,Hennepin County,183196.5550894496,204417.32662521824,224438.82965574937,230288.17406205027,240656.73740283935,250662.448407067,254191.31924820636,245780.01468639149,233759.7554316381,224276.08893516054
55344,Hennepin County,246459.27742476435,264064.4867829062,283866.40554687916,292091.28570264776,305735.7393528539,336711.9325736138,346068.9131402986,345735.61366013,345802.3876716041,350053.8136267773
55364,Hennepin County,325052.646458616,349584.46369098715,371537.87038981536,381928.405573023,411470.9795637603,468616.48138344934,502601.97923860437,510655.04962132685,518460.70006694226,527249.54326054
55445,Hennepin County,223846.4591888214,239421.60863668864,264112.055811669,275844.6917880031,297221.52271532,334317.4542084576,345845.6025429017,346266.35225420474,352758.40834693174,359144.98617419245
55401,Hennepin County,263385.4047673719,285365.98667138914,304372.49809505226,303519.56253671285,312863.78071120894,314660.0727514915,302836.9584384744,299099.0739095902,293489.9944857944,295243.4544098764
55103,Ramsey County,155564.42843513397,174389.27873165617,191648.04649206912,202145.60474866084,219752.80418693964,240529.45528669946,244617.27535441844,247600.73158516586,253168.3565395154,252907.96998111458
55442,Hennepin County,304450.36538827716,321554.3523038008,343807.74946849793,357080.76952988893,378175.22181338375,419942.54670873116,443510.37031961774,451895.56119482935,458964.3949550845,469013.1704864462
55424,Hennepin County,688869.3296407632,718394.6289883176,752115.7553263331,741984.5613942343,742665.2194689213,836814.0045600594,890913.4077142464,921777.823238844,952474.8810649421,1007894.8334897483
55409,Hennepin County,267622.3578914674,290961.78626498143,311440.2212375553,319097.87994267145,336160.68532578455,347200.8479900859,352055.66480889433,355431.5575274937,360164.20147307887,373418.0802985803
55340,Hennepin County,463186.1660605517,485325.3266410536,502761.9103897854,506750.8110651811,540551.6528033902,625139.1919271598,665053.8365115558,664950.4269052884,678157.534359049,689749.988638707
55425,Hennepin County,224614.3317995984,244392.53919419018,271875.9232740915,288621.1680995739,306954.2006716735,328255.05998740176,340035.4685406022,348478.7557871328,351187.92975181557,351755.7003131507
55439,Hennepin County,455485.8178137509,482790.54927959066,511737.6061118248,511562.19157411903,531966.339821801,587264.4225142787,624937.3197417244,648725.1228855246,668253.2428241874,677689.5052048477
55454,Hennepin County,125342.34123358032,136474.89998215906,145083.16364819638,150875.0328072513,157234.52551866727,162099.8813507712,162552.16755961746,156074.19180677968,158991.56643771403,159834.93828214213
55327,Hennepin County,319584.4441962818,343972.02591922524,363043.09611394984,380759.236095975,410185.2645246704,466299.39433306124,487010.9091156746,484175.14418078464,491804.22322607087,502128.17407305044
55101,Ramsey County,150135.43866112214,168079.03303207792,176737.69247353033,179522.76739954474,188890.45326387163,193934.89227529557,185288.41009307874,189561.63006446333,191447.03168644966,181974.01308982054
55359,Hennepin County,364927.9952048622,389472.9827509018,417707.00601745007,418548.3651980402,454713.6674043218,519293.5358296248,555683.0883681179,566629.218452063,581794.6279222642,597801.235154365
55415,Hennepin County,308235.7554275241,323730.0048661539,307716.01179030957,316444.0921170831,328162.79902957863,322754.3231020687,315261.10156255786,315564.65073192917,366870.65020598704,349984.3710953625
55356,Hennepin County,483671.44802993257,515615.6690040675,547345.5428992457,549515.0121755411,578921.0721886161,673315.5625401653,722850.8013192746,734677.701449132,764067.5513059219,789311.2930570478
55375,Hennepin County,293895.8458065843,312428.43295268045,327723.6051455349,340330.9774306321,362694.93222490844,413058.156079462,434896.5182911027,436718.8825635487,441204.69100288564,448117.06551050785
55114,Ramsey County,224784.10798036316,241901.8770048169,256460.97872052863,262505.36190126167,276750.6234432193,298385.0847986371,298659.38728232327,290423.7638347162,287915.31887913455,284838.5977627117
55357,Hennepin County,311122.9281160345,334646.2478428183,352557.16615542443,363244.1676114183,392439.38773599843,445743.34540093085,477476.737485388,486181.6076708669,499236.7245685296,519511.238364571
55384,Hennepin County,357567.35428724607,391810.5768251195,412144.57106448576,416193.33056453796,432945.5950056021,513891.8240658548,491225.65088179527,504774.01310185745,526248.4292174815,574315.7479886145
